-- phpMyAdmin SQL Dump
-- version 3.2.0.1
-- http://www.phpmyadmin.net
--
-- Host: localhost
-- Generation Time: Jan 08, 2013 at 05:01 AM
-- Server version: 5.1.36
-- PHP Version: 5.2.5

SET SQL_MODE="NO_AUTO_VALUE_ON_ZERO";


/*!40101 SET @OLD_CHARACTER_SET_CLIENT=@@CHARACTER_SET_CLIENT */;
/*!40101 SET @OLD_CHARACTER_SET_RESULTS=@@CHARACTER_SET_RESULTS */;
/*!40101 SET @OLD_COLLATION_CONNECTION=@@COLLATION_CONNECTION */;
/*!40101 SET NAMES utf8 */;

--
-- Database: `zymba`
--

-- --------------------------------------------------------

--
-- Table structure for table `admin`
--

CREATE TABLE IF NOT EXISTS `admin` (
  `intid` int(11) NOT NULL AUTO_INCREMENT,
  `varfirstname` varchar(155) COLLATE utf8_bin NOT NULL,
  `varlastname` varchar(155) COLLATE utf8_bin NOT NULL,
  `varusername` varchar(155) COLLATE utf8_bin NOT NULL,
  `varpassword` varchar(155) COLLATE utf8_bin NOT NULL,
  `varemailid` text COLLATE utf8_bin NOT NULL,
  `varphoneno` varchar(155) COLLATE utf8_bin NOT NULL,
  `address` varchar(400) COLLATE utf8_bin NOT NULL,
  `website` varchar(400) COLLATE utf8_bin NOT NULL,
  `facebooklink` varchar(255) COLLATE utf8_bin NOT NULL,
  `twitterlink` varchar(255) COLLATE utf8_bin NOT NULL,
  `youtubelink` varchar(255) COLLATE utf8_bin NOT NULL,
  `enumstatus` enum('Active','Not Active') COLLATE utf8_bin NOT NULL,
  `date_insert` date NOT NULL,
  `varipaddress` varchar(45) COLLATE utf8_bin NOT NULL,
  PRIMARY KEY (`intid`)
) ENGINE=MyISAM  DEFAULT CHARSET=utf8 COLLATE=utf8_bin AUTO_INCREMENT=16 ;

--
-- Dumping data for table `admin`
--

INSERT INTO `admin` (`intid`, `varfirstname`, `varlastname`, `varusername`, `varpassword`, `varemailid`, `varphoneno`, `address`, `website`, `facebooklink`, `twitterlink`, `youtubelink`, `enumstatus`, `date_insert`, `varipaddress`) VALUES
(15, 'krupal', 'manani', 'admin', 'manek@tech', 'test@test.com', '+91-9876543210', 'Lorem ipsum dolor sit amet <br />33 NEW city 2222 new tower <br />xyz road 4da90h', 'http://www.manektech.net/Zymba', 'http://www.facebook.com/', 'https://twitter.com/', 'https://youtube.com/', 'Active', '2012-10-26', '');

-- --------------------------------------------------------

--
-- Table structure for table `cart`
--

CREATE TABLE IF NOT EXISTS `cart` (
  `cartid` int(11) NOT NULL AUTO_INCREMENT,
  `saveshirtcustomizeid` int(11) NOT NULL,
  `productid` int(11) NOT NULL,
  `qty` int(11) NOT NULL,
  `cartsessionid` varchar(255) NOT NULL,
  `date` datetime NOT NULL,
  PRIMARY KEY (`cartid`)
) ENGINE=MyISAM DEFAULT CHARSET=latin1 AUTO_INCREMENT=1 ;

--
-- Dumping data for table `cart`
--


-- --------------------------------------------------------

--
-- Table structure for table `cartorder`
--

CREATE TABLE IF NOT EXISTS `cartorder` (
  `ordercartid` int(11) NOT NULL AUTO_INCREMENT,
  `productid` int(11) NOT NULL,
  `cardid` int(11) NOT NULL,
  `qty` int(10) NOT NULL,
  `orderid` varchar(500) COLLATE utf8_bin NOT NULL,
  `date` datetime NOT NULL,
  PRIMARY KEY (`ordercartid`)
) ENGINE=MyISAM DEFAULT CHARSET=utf8 COLLATE=utf8_bin AUTO_INCREMENT=1 ;

--
-- Dumping data for table `cartorder`
--


-- --------------------------------------------------------

--
-- Table structure for table `cms_pages`
--

CREATE TABLE IF NOT EXISTS `cms_pages` (
  `id` int(20) NOT NULL AUTO_INCREMENT,
  `level` int(11) NOT NULL,
  `parent` int(11) NOT NULL,
  `uniqname` varchar(250) COLLATE utf8_bin NOT NULL,
  `Title` varchar(250) COLLATE utf8_bin NOT NULL,
  `Keywords` varchar(500) COLLATE utf8_bin NOT NULL,
  `Description` varchar(500) COLLATE utf8_bin NOT NULL,
  `PageHeader` varchar(50) COLLATE utf8_bin NOT NULL,
  `SmallPageHeader` varchar(100) COLLATE utf8_bin NOT NULL,
  `last_modified` datetime NOT NULL,
  `shortdescription` text COLLATE utf8_bin NOT NULL,
  `content` text COLLATE utf8_bin NOT NULL,
  `status` enum('Show','Hide') COLLATE utf8_bin NOT NULL,
  PRIMARY KEY (`id`)
) ENGINE=InnoDB  DEFAULT CHARSET=utf8 COLLATE=utf8_bin AUTO_INCREMENT=5 ;

--
-- Dumping data for table `cms_pages`
--

INSERT INTO `cms_pages` (`id`, `level`, `parent`, `uniqname`, `Title`, `Keywords`, `Description`, `PageHeader`, `SmallPageHeader`, `last_modified`, `shortdescription`, `content`, `status`) VALUES
(1, 1, 0, 'home-page', 'Home Page', 'Home Page', 'Home Page', 'Home Page', 'Home Page', '2012-10-18 17:24:49', 'Home Page', '', 'Show'),
(2, 1, 0, 'about-us', 'ABOUT US', 'ABOUT US', 'ABOUT US', 'ABOUT US', 'ABOUT US', '2013-01-02 15:44:11', 'Lorem ipsum dolor sit amet, consectetur adipiscing elit. Etiam neque velit, blandit sed scelerisque quis, vulputate vel lorem. Sed luctus, sapien elementum viverra pellentesque, odio turpis ultrices sapien, ut mollis magna eros vitae odio.Sed luctus, sapien elementum viverra pellentesque, odio turpis ultrices sapien, ut mollis magna eros vitae odio.', '<p>\r\n	Lorem ipsum dolor sit amet, consectetur adipiscing elit. Etiam neque velit, blandit sed scelerisque quis, vulputate vel lorem. Sed luctus, sapien elementum viverra pellentesque, odio turpis ultrices sapien, ut mollis magna eros vitae odio.</p>\r\n\r\n<p>\r\n	Sed luctus, sapien elementum viverra pellentesque, odio turpis ultrices sapien, ut mollis magna eros vitae odio.</p>\r\n', 'Show'),
(3, 1, 0, 'whats-new', 'WHATS NEW', 'WHATS NEW', 'WHATS NEW', 'WHATS NEW', 'WHATS NEW', '2013-01-02 15:44:32', 'Lorem ipsum dolor sit amet, consectetur adipiscing elit. Etiam neque velit, blandit sed scelerisque quis, vulputate vel lorem. Sed luctus, sapien elementum viverra pellentesque, odio turpis ultrices sapien, ut mollis magna eros vitae odio.Sed luctus, sapien elementum viverra pellentesque, odio turpis ultrices sapien, ut mollis magna eros vitae odio.', '<p>\r\n	Lorem ipsum dolor sit amet, consectetur adipiscing elit. Etiam neque velit, blandit sed scelerisque quis, vulputate vel lorem. Sed luctus, sapien elementum viverra pellentesque, odio turpis ultrices sapien, ut mollis magna eros vitae odio.</p>\r\n<p>\r\n	Sed luctus, sapien elementum viverra pellentesque, odio turpis ultrices sapien, ut mollis magna eros vitae odio.</p>\r\n', 'Show'),
(4, 1, 0, 'care-and-advice', 'CARE AND ADVICE', 'CARE AND ADVICE', 'CARE AND ADVICE', 'CARE AND ADVICE', 'CARE AND ADVICE', '2013-01-02 15:28:09', 'Lorem ipsum dolor sit amet, consectetur adipiscing elit. Etiam neque velit, blandit sed scelerisque quis, vulputate vel lorem. Sed luctus, sapien elementum viverra pellentesque, odio turpis ultrices sapien,', 'Lorem ipsum dolor sit amet, consectetur adipiscing elit. Etiam neque velit, blandit sed scelerisque quis, vulputate vel lorem. Sed luctus, sapien elementum viverra pellentesque, odio turpis ultrices sapien,', 'Show');

-- --------------------------------------------------------

--
-- Table structure for table `filter`
--

CREATE TABLE IF NOT EXISTS `filter` (
  `optionid` int(11) NOT NULL AUTO_INCREMENT,
  `optionname` varchar(255) COLLATE utf8_bin NOT NULL,
  `uniqname` varchar(255) COLLATE utf8_bin NOT NULL,
  `dispalyorder` int(11) NOT NULL,
  `status` enum('active','inactive') COLLATE utf8_bin NOT NULL,
  `date` date NOT NULL,
  PRIMARY KEY (`optionid`)
) ENGINE=MyISAM  DEFAULT CHARSET=utf8 COLLATE=utf8_bin AUTO_INCREMENT=13 ;

--
-- Dumping data for table `filter`
--

INSERT INTO `filter` (`optionid`, `optionname`, `uniqname`, `dispalyorder`, `status`, `date`) VALUES
(2, 'pattern', 'pattern', 0, 'active', '2012-12-15'),
(3, 'color ', 'color-', 0, 'active', '2012-12-15'),
(4, 'composition', 'composition', 0, 'inactive', '2012-12-15'),
(5, 'wearing type', 'wearing-type', 0, 'inactive', '2012-12-15'),
(6, 'weight', 'weight', 0, 'inactive', '2012-12-15'),
(12, 'displayorder', 'displayorder', 0, 'active', '2012-12-28'),
(11, 'standard', 'standard', 0, 'active', '2012-12-28');

-- --------------------------------------------------------

--
-- Table structure for table `option`
--

CREATE TABLE IF NOT EXISTS `option` (
  `optionid` int(11) NOT NULL AUTO_INCREMENT,
  `optionname` varchar(255) COLLATE utf8_bin NOT NULL,
  `uniqname` varchar(255) COLLATE utf8_bin NOT NULL,
  `dispalyorder` int(11) NOT NULL,
  `status` enum('active','inactive') COLLATE utf8_bin NOT NULL,
  `date` date NOT NULL,
  PRIMARY KEY (`optionid`)
) ENGINE=MyISAM  DEFAULT CHARSET=utf8 COLLATE=utf8_bin AUTO_INCREMENT=12 ;

--
-- Dumping data for table `option`
--

INSERT INTO `option` (`optionid`, `optionname`, `uniqname`, `dispalyorder`, `status`, `date`) VALUES
(2, 'pattern', 'pattern', 0, 'active', '2012-12-15'),
(3, 'color ', 'color-', 0, 'active', '2012-12-15'),
(4, 'composition', 'composition', 0, 'active', '2012-12-15'),
(5, 'wearing type', 'wearing-type', 0, 'active', '2012-12-15'),
(6, 'weight', 'weight', 0, 'active', '2012-12-15'),
(8, 'yarn', 'yarn', 0, 'active', '2012-12-17'),
(9, 'Treatment', 'treatment', 0, 'active', '2012-12-17'),
(10, 'Handkerchief', 'handkerchief', 0, 'active', '2012-12-17');

-- --------------------------------------------------------

--
-- Table structure for table `optiontype`
--

CREATE TABLE IF NOT EXISTS `optiontype` (
  `optiontypeid` int(11) NOT NULL AUTO_INCREMENT,
  `optiontypename` varchar(255) COLLATE utf8_bin NOT NULL,
  `uniqname` varchar(255) COLLATE utf8_bin NOT NULL,
  `image` varchar(255) COLLATE utf8_bin NOT NULL,
  `optionid` int(11) NOT NULL,
  `status` enum('active','inactive') COLLATE utf8_bin NOT NULL,
  `date` date NOT NULL,
  PRIMARY KEY (`optiontypeid`)
) ENGINE=MyISAM  DEFAULT CHARSET=utf8 COLLATE=utf8_bin AUTO_INCREMENT=23 ;

--
-- Dumping data for table `optiontype`
--

INSERT INTO `optiontype` (`optiontypeid`, `optiontypename`, `uniqname`, `image`, `optionid`, `status`, `date`) VALUES
(2, 'checks', 'checks', '', 2, 'active', '2012-12-15'),
(3, 'prints', 'prints', '', 2, 'active', '2012-12-15'),
(4, 'solid color', 'solid-color', '', 2, 'active', '2012-12-15'),
(5, 'striped', 'striped', '', 2, 'active', '2012-12-15'),
(6, 'red', 'red', '', 3, 'active', '2012-12-15'),
(7, 'green', 'green', '', 3, 'active', '2012-12-15'),
(8, 'blue', 'blue', '', 3, 'active', '2012-12-15'),
(9, 'black', 'black', '', 3, 'active', '2012-12-15'),
(10, '100% cotton', '100--cotton', '', 4, 'active', '2012-12-15'),
(11, '100% linen', '100--linen', '', 4, 'active', '2012-12-15'),
(12, 'flannel', 'flannel', '', 5, 'active', '2012-12-15'),
(13, 'oxford', 'oxford', '', 5, 'active', '2012-12-15'),
(14, '130 g/m²', '130-g-m--', '', 6, 'active', '2012-12-15'),
(15, '110 g/m²', '110-g-m--', '', 6, 'active', '2012-12-15'),
(16, 'Warp Two-ply 100s ', 'warp-two-ply-100s-', '', 8, 'active', '2012-12-17'),
(17, 'Weft One-ply 50s ', 'weft-one-ply-50s-', '', 8, 'active', '2012-12-17'),
(18, 'One-ply 40s ', 'one-ply-40s-', '', 8, 'active', '2012-12-17'),
(19, 'Handkerchief in this fabric only £6.95', 'handkerchief-in-this-fabric-only---6-95', '', 10, 'active', '2012-12-17'),
(20, 'wrinkle-free ', 'wrinkle-free-', '', 9, 'active', '2012-12-17'),
(21, 'Easy care ', 'easy-care-', '', 9, 'active', '2012-12-17');

-- --------------------------------------------------------

--
-- Table structure for table `orderdetail`
--

CREATE TABLE IF NOT EXISTS `orderdetail` (
  `orderid` int(11) NOT NULL AUTO_INCREMENT,
  `paidamount` int(10) NOT NULL,
  `transactionid` varchar(255) NOT NULL,
  `authenticationcode` varchar(255) NOT NULL,
  `shippingfirstname` varchar(150) NOT NULL,
  `shippinglastname` varchar(150) NOT NULL,
  `gender` enum('male','female') NOT NULL,
  `email` varchar(255) NOT NULL,
  `password` varchar(255) NOT NULL,
  `addeess` varchar(255) NOT NULL,
  `postcode` int(10) NOT NULL,
  `shtelephone` varchar(150) NOT NULL,
  `shippingstate` varchar(150) NOT NULL,
  `shippingcountry` varchar(150) NOT NULL,
  `cardnumber` varchar(50) NOT NULL,
  `nameoncard` varchar(255) NOT NULL,
  `month` int(10) NOT NULL,
  `year` int(10) NOT NULL,
  `cvvnumber` int(10) NOT NULL,
  `userid` int(11) NOT NULL,
  `status` enum('incomplete','complete') NOT NULL DEFAULT 'incomplete',
  `date` datetime NOT NULL,
  PRIMARY KEY (`orderid`)
) ENGINE=InnoDB DEFAULT CHARSET=latin1 AUTO_INCREMENT=1 ;

--
-- Dumping data for table `orderdetail`
--


-- --------------------------------------------------------

--
-- Table structure for table `product`
--

CREATE TABLE IF NOT EXISTS `product` (
  `productid` int(11) NOT NULL AUTO_INCREMENT,
  `productname` varchar(255) COLLATE utf8_bin NOT NULL,
  `price` float NOT NULL,
  `seotitle` varchar(1000) COLLATE utf8_bin NOT NULL,
  `seokeyword` varchar(1000) COLLATE utf8_bin NOT NULL,
  `seodescription` varchar(1000) COLLATE utf8_bin NOT NULL,
  `uniqname` varchar(255) COLLATE utf8_bin NOT NULL,
  `image` varchar(255) COLLATE utf8_bin NOT NULL,
  `producttypeid` int(11) NOT NULL,
  `shortdiscription` text COLLATE utf8_bin NOT NULL,
  `discription` text COLLATE utf8_bin NOT NULL,
  `bestseller` enum('yes','no') COLLATE utf8_bin NOT NULL,
  `dispalyorder` int(11) NOT NULL,
  `status` enum('active','inactive') COLLATE utf8_bin NOT NULL,
  `date` date NOT NULL,
  PRIMARY KEY (`productid`)
) ENGINE=MyISAM  DEFAULT CHARSET=utf8 COLLATE=utf8_bin AUTO_INCREMENT=23 ;

--
-- Dumping data for table `product`
--

INSERT INTO `product` (`productid`, `productname`, `price`, `seotitle`, `seokeyword`, `seodescription`, `uniqname`, `image`, `producttypeid`, `shortdiscription`, `discription`, `bestseller`, `dispalyorder`, `status`, `date`) VALUES
(3, 'Gondomar, blue', 285, 'Gondomar, blue', 'Gondomar, blue', 'Gondomar, blue', 'gondomar--blue', '50e58ab1556af.jpg', 3, 'Lorem ipsum dolor sit amet, consectetuer adipiscing elit. Maecenas porttitor congue massa. Fusce posuere, magna sed pulvinar ultricies, purus lectus malesuada libero, sit amet commodo magna eros quis urna.', '<p>\r\n	Lorem ipsum dolor sit amet, consectetuer adipiscing elit. Maecenas porttitor congue massa. Fusce posuere, magna sed pulvinar ultricies, purus lectus malesuada libero, sit amet commodo magna eros quis urna.</p>\r\n', 'yes', 0, 'active', '2012-12-17'),
(4, 'Helmahof, light blue', 189, 'Helmahof, light blue', 'Helmahof, light blue', 'Helmahof, light blue', 'helmahof--light-blue', '50e58abde9be9.jpg', 3, 'Lorem ipsum dolor sit amet, consectetuer adipiscing elit. Maecenas porttitor congue massa. Fusce posuere, magna sed pulvinar ultricies, purus lectus malesuada libero, sit amet commodo magna eros quis urna.', '<p>\r\n	Lorem ipsum dolor sit amet, consectetuer adipiscing elit. Maecenas porttitor congue massa. Fusce posuere, magna sed pulvinar ultricies, purus lectus malesuada libero, sit amet commodo magna eros quis urna.</p>\r\n<p>\r\n	Lorem ipsum dolor sit amet, consectetuer adipiscing elit. Maecenas porttitor congue massa. Fusce posuere, magna sed pulvinar ultricies, purus lectus malesuada libero, sit amet commodo magna eros quis urna.</p>\r\n', 'yes', 0, 'active', '2012-12-21'),
(2, 'Gondomar, white', 50, 'Gondomar, white', 'Gondomar, white', 'Gondomar, white', 'gondomar--white', '50e58a8fa1b13.jpg', 3, 'Lorem ipsum dolor sit amet, consectetuer adipiscing elit. Maecenas porttitor congue massa. Fusce posuere, magna sed pulvinar ultricies, purus lectus malesuada libero, sit amet commodo magna eros quis urna.', '<p>\r\n	Lorem ipsum dolor sit amet, consectetuer adipiscing elit. Maecenas porttitor congue massa. Fusce posuere, magna sed pulvinar ultricies, purus lectus malesuada libero, sit amet commodo magna eros quis urna.</p>\r\n', 'yes', 1, 'active', '2012-12-15'),
(5, 'Pombal, cerise', 69.95, 'Pombal, cerise', 'Pombal, cerise', 'Pombal, cerise', 'pombal--cerise', '50e58accdca24.jpg', 3, 'Lorem ipsum dolor sit amet, consectetuer adipiscing elit. Maecenas porttitor congue massa. Fusce posuere, magna sed pulvinar ultricies, purus lectus malesuada libero, sit amet commodo magna eros quis urna.', '<p>\r\n	Lorem ipsum dolor sit amet, consectetuer adipiscing elit. Maecenas porttitor congue massa. Fusce posuere, magna sed pulvinar ultricies, purus lectus malesuada libero, sit amet commodo magna eros quis urna.</p>\r\n<p>\r\n	Lorem ipsum dolor sit amet, consectetuer adipiscing elit. Maecenas porttitor congue massa. Fusce posuere, magna sed pulvinar ultricies, purus lectus malesuada libero, sit amet commodo magna eros quis urna.</p>\r\n', 'yes', 0, 'active', '2012-12-21'),
(6, 'Montijo, navy', 70.58, 'Montijo, navy', 'Montijo, navy', 'Montijo, navy', 'montijo--navy', '50e58af4d0762.jpg', 3, 'Lorem ipsum dolor sit amet, consectetuer adipiscing elit. Maecenas porttitor congue massa. Fusce posuere, magna sed pulvinar ultricies, purus lectus malesuada libero, sit amet commodo magna eros quis urna.', '<p>\r\n	Lorem ipsum dolor sit amet, consectetuer adipiscing elit. Maecenas porttitor congue massa. Fusce posuere, magna sed pulvinar ultricies, purus lectus malesuada libero, sit amet commodo magna eros quis urna.</p>\r\n<p>\r\n	Lorem ipsum dolor sit amet, consectetuer adipiscing elit. Maecenas porttitor congue massa. Fusce posuere, magna sed pulvinar ultricies, purus lectus malesuada libero, sit amet commodo magna eros quis urna.</p>\r\n', 'yes', 0, 'active', '2012-12-21'),
(7, 'Molin', 74.14, 'Molin', 'Molin', 'Molin', 'molin', '50e58b030f9da.jpg', 3, 'Lorem ipsum dolor sit amet, consectetuer adipiscing elit. Maecenas porttitor congue massa. Fusce posuere, magna sed pulvinar ultricies, purus lectus malesuada libero, sit amet commodo magna eros quis urna.', '<p>\r\n	Lorem ipsum dolor sit amet, consectetuer adipiscing elit. Maecenas porttitor congue massa. Fusce posuere, magna sed pulvinar ultricies, purus lectus malesuada libero, sit amet commodo magna eros quis urna.</p>\r\n<p>\r\n	Lorem ipsum dolor sit amet, consectetuer adipiscing elit. Maecenas porttitor congue massa. Fusce posuere, magna sed pulvinar ultricies, purus lectus malesuada libero, sit amet commodo magna eros quis urna.</p>\r\n', 'yes', 0, 'active', '2012-12-21'),
(8, 'Agudo, red', 85, 'Agudo, red', 'Agudo, red', 'Agudo, red', 'agudo--red', '50e58b11348dc.jpg', 3, 'Lorem ipsum dolor sit amet, consectetuer adipiscing elit. Maecenas porttitor congue massa. Fusce posuere, magna sed pulvinar ultricies, purus lectus malesuada libero, sit amet commodo magna eros quis urna.', '<p>\r\n	Lorem ipsum dolor sit amet, consectetuer adipiscing elit. Maecenas porttitor congue massa. Fusce posuere, magna sed pulvinar ultricies, purus lectus malesuada libero, sit amet commodo magna eros quis urna.</p>\r\n<p>\r\n	Lorem ipsum dolor sit amet, consectetuer adipiscing elit. Maecenas porttitor congue massa. Fusce posuere, magna sed pulvinar ultricies, purus lectus malesuada libero, sit amet commodo magna eros quis urna.</p>\r\n', 'yes', 0, 'active', '2012-12-21'),
(9, 'Gondomar, blue', 285, 'Gondomar, blue', 'Gondomar, blue', 'Gondomar, blue', 'gondomar--blue', '50e432580118a.jpg', 3, 'Lorem ipsum dolor sit amet, consectetuer adipiscing elit. Maecenas porttitor congue massa. Fusce posuere, magna sed pulvinar ultricies, purus lectus malesuada libero, sit amet commodo magna eros quis urna.', '<p>\r\n	Lorem ipsum dolor sit amet, consectetuer adipiscing elit. Maecenas porttitor congue massa. Fusce posuere, magna sed pulvinar ultricies, purus lectus malesuada libero, sit amet commodo magna eros quis urna.</p>\r\n', 'no', 0, 'active', '2012-12-17'),
(10, 'Helmahof, light blue', 189, 'Helmahof, light blue', 'Helmahof, light blue', 'Helmahof, light blue', 'helmahof--light-blue', '50e4327e67b5e.jpg', 3, 'Lorem ipsum dolor sit amet, consectetuer adipiscing elit. Maecenas porttitor congue massa. Fusce posuere, magna sed pulvinar ultricies, purus lectus malesuada libero, sit amet commodo magna eros quis urna.', '<p>\r\n	Lorem ipsum dolor sit amet, consectetuer adipiscing elit. Maecenas porttitor congue massa. Fusce posuere, magna sed pulvinar ultricies, purus lectus malesuada libero, sit amet commodo magna eros quis urna.</p>\r\n<p>\r\n	Lorem ipsum dolor sit amet, consectetuer adipiscing elit. Maecenas porttitor congue massa. Fusce posuere, magna sed pulvinar ultricies, purus lectus malesuada libero, sit amet commodo magna eros quis urna.</p>\r\n', 'no', 0, 'active', '2012-12-21'),
(11, 'Gondomar, white', 50, 'Gondomar, white', 'Gondomar, white', 'Gondomar, white', 'gondomar--white', '50cf10989a5e1.jpg', 3, 'Lorem ipsum dolor sit amet, consectetuer adipiscing elit. Maecenas porttitor congue massa. Fusce posuere, magna sed pulvinar ultricies, purus lectus malesuada libero, sit amet commodo magna eros quis urna.', '<p>\r\n	Lorem ipsum dolor sit amet, consectetuer adipiscing elit. Maecenas porttitor congue massa. Fusce posuere, magna sed pulvinar ultricies, purus lectus malesuada libero, sit amet commodo magna eros quis urna.</p>\r\n', 'no', 1, 'active', '2012-12-15'),
(12, 'Pombal, cerise', 69.95, 'Pombal, cerise', 'Pombal, cerise', 'Pombal, cerise', 'pombal--cerise', '50d4346e07e26.jpg', 3, 'Lorem ipsum dolor sit amet, consectetuer adipiscing elit. Maecenas porttitor congue massa. Fusce posuere, magna sed pulvinar ultricies, purus lectus malesuada libero, sit amet commodo magna eros quis urna.', '<p>\r\n	Lorem ipsum dolor sit amet, consectetuer adipiscing elit. Maecenas porttitor congue massa. Fusce posuere, magna sed pulvinar ultricies, purus lectus malesuada libero, sit amet commodo magna eros quis urna.</p>\r\n<p>\r\n	Lorem ipsum dolor sit amet, consectetuer adipiscing elit. Maecenas porttitor congue massa. Fusce posuere, magna sed pulvinar ultricies, purus lectus malesuada libero, sit amet commodo magna eros quis urna.</p>\r\n', 'no', 0, 'active', '2012-12-21'),
(13, 'Montijo, navy', 70.58, 'Montijo, navy', 'Montijo, navy', 'Montijo, navy', 'montijo--navy', '50d434bf3dde0.jpg', 3, 'Lorem ipsum dolor sit amet, consectetuer adipiscing elit. Maecenas porttitor congue massa. Fusce posuere, magna sed pulvinar ultricies, purus lectus malesuada libero, sit amet commodo magna eros quis urna.', '<p>\r\n	Lorem ipsum dolor sit amet, consectetuer adipiscing elit. Maecenas porttitor congue massa. Fusce posuere, magna sed pulvinar ultricies, purus lectus malesuada libero, sit amet commodo magna eros quis urna.</p>\r\n<p>\r\n	Lorem ipsum dolor sit amet, consectetuer adipiscing elit. Maecenas porttitor congue massa. Fusce posuere, magna sed pulvinar ultricies, purus lectus malesuada libero, sit amet commodo magna eros quis urna.</p>\r\n', 'no', 0, 'active', '2012-12-21'),
(14, 'Molin', 74.14, 'Molin', 'Molin', 'Molin', 'molin', '50d4350511f22.jpg', 3, 'Lorem ipsum dolor sit amet, consectetuer adipiscing elit. Maecenas porttitor congue massa. Fusce posuere, magna sed pulvinar ultricies, purus lectus malesuada libero, sit amet commodo magna eros quis urna.', '<p>\r\n	Lorem ipsum dolor sit amet, consectetuer adipiscing elit. Maecenas porttitor congue massa. Fusce posuere, magna sed pulvinar ultricies, purus lectus malesuada libero, sit amet commodo magna eros quis urna.</p>\r\n<p>\r\n	Lorem ipsum dolor sit amet, consectetuer adipiscing elit. Maecenas porttitor congue massa. Fusce posuere, magna sed pulvinar ultricies, purus lectus malesuada libero, sit amet commodo magna eros quis urna.</p>\r\n', 'no', 0, 'active', '2012-12-21'),
(15, 'Agudo, red', 85, 'Agudo, red', 'Agudo, red', 'Agudo, red', 'agudo--red', '50d4356ab7ff0.jpg', 3, 'Lorem ipsum dolor sit amet, consectetuer adipiscing elit. Maecenas porttitor congue massa. Fusce posuere, magna sed pulvinar ultricies, purus lectus malesuada libero, sit amet commodo magna eros quis urna.', '<p>\r\n	Lorem ipsum dolor sit amet, consectetuer adipiscing elit. Maecenas porttitor congue massa. Fusce posuere, magna sed pulvinar ultricies, purus lectus malesuada libero, sit amet commodo magna eros quis urna.</p>\r\n<p>\r\n	Lorem ipsum dolor sit amet, consectetuer adipiscing elit. Maecenas porttitor congue massa. Fusce posuere, magna sed pulvinar ultricies, purus lectus malesuada libero, sit amet commodo magna eros quis urna.</p>\r\n', 'no', 0, 'active', '2012-12-21'),
(16, 'Gondomar, blue', 285, 'Gondomar, blue', 'Gondomar, blue', 'Gondomar, blue', 'gondomar--blue', '50cf107f04d0b.jpg', 3, 'Lorem ipsum dolor sit amet, consectetuer adipiscing elit. Maecenas porttitor congue massa. Fusce posuere, magna sed pulvinar ultricies, purus lectus malesuada libero, sit amet commodo magna eros quis urna.', '<p>\r\n	Lorem ipsum dolor sit amet, consectetuer adipiscing elit. Maecenas porttitor congue massa. Fusce posuere, magna sed pulvinar ultricies, purus lectus malesuada libero, sit amet commodo magna eros quis urna.</p>\r\n', 'no', 0, 'active', '2012-12-17'),
(17, 'Helmahof, light blue', 189, 'Helmahof, light blue', 'Helmahof, light blue', 'Helmahof, light blue', 'helmahof--light-blue', '50d433a50a41e.jpg', 3, 'Lorem ipsum dolor sit amet, consectetuer adipiscing elit. Maecenas porttitor congue massa. Fusce posuere, magna sed pulvinar ultricies, purus lectus malesuada libero, sit amet commodo magna eros quis urna.', '<p>\r\n	Lorem ipsum dolor sit amet, consectetuer adipiscing elit. Maecenas porttitor congue massa. Fusce posuere, magna sed pulvinar ultricies, purus lectus malesuada libero, sit amet commodo magna eros quis urna.</p>\r\n<p>\r\n	Lorem ipsum dolor sit amet, consectetuer adipiscing elit. Maecenas porttitor congue massa. Fusce posuere, magna sed pulvinar ultricies, purus lectus malesuada libero, sit amet commodo magna eros quis urna.</p>\r\n', 'no', 0, 'active', '2012-12-21'),
(18, 'Gondomar, white', 50, 'Gondomar, white', 'Gondomar, white', 'Gondomar, white', 'gondomar--white', '50cf10989a5e1.jpg', 3, 'Lorem ipsum dolor sit amet, consectetuer adipiscing elit. Maecenas porttitor congue massa. Fusce posuere, magna sed pulvinar ultricies, purus lectus malesuada libero, sit amet commodo magna eros quis urna.', '<p>\r\n	Lorem ipsum dolor sit amet, consectetuer adipiscing elit. Maecenas porttitor congue massa. Fusce posuere, magna sed pulvinar ultricies, purus lectus malesuada libero, sit amet commodo magna eros quis urna.</p>\r\n', 'no', 1, 'active', '2012-12-15'),
(19, 'Pombal, cerise', 69.95, 'Pombal, cerise', 'Pombal, cerise', 'Pombal, cerise', 'pombal--cerise', '50d4346e07e26.jpg', 3, 'Lorem ipsum dolor sit amet, consectetuer adipiscing elit. Maecenas porttitor congue massa. Fusce posuere, magna sed pulvinar ultricies, purus lectus malesuada libero, sit amet commodo magna eros quis urna.', '<p>\r\n	Lorem ipsum dolor sit amet, consectetuer adipiscing elit. Maecenas porttitor congue massa. Fusce posuere, magna sed pulvinar ultricies, purus lectus malesuada libero, sit amet commodo magna eros quis urna.</p>\r\n<p>\r\n	Lorem ipsum dolor sit amet, consectetuer adipiscing elit. Maecenas porttitor congue massa. Fusce posuere, magna sed pulvinar ultricies, purus lectus malesuada libero, sit amet commodo magna eros quis urna.</p>\r\n', 'no', 0, 'active', '2012-12-21'),
(20, 'Montijo, navy', 70.58, 'Montijo, navy', 'Montijo, navy', 'Montijo, navy', 'montijo--navy', '50d434bf3dde0.jpg', 3, 'Lorem ipsum dolor sit amet, consectetuer adipiscing elit. Maecenas porttitor congue massa. Fusce posuere, magna sed pulvinar ultricies, purus lectus malesuada libero, sit amet commodo magna eros quis urna.', '<p>\r\n	Lorem ipsum dolor sit amet, consectetuer adipiscing elit. Maecenas porttitor congue massa. Fusce posuere, magna sed pulvinar ultricies, purus lectus malesuada libero, sit amet commodo magna eros quis urna.</p>\r\n<p>\r\n	Lorem ipsum dolor sit amet, consectetuer adipiscing elit. Maecenas porttitor congue massa. Fusce posuere, magna sed pulvinar ultricies, purus lectus malesuada libero, sit amet commodo magna eros quis urna.</p>\r\n', 'no', 0, 'active', '2012-12-21'),
(21, 'Molin', 74.14, 'Molin', 'Molin', 'Molin', 'molin', '50d4350511f22.jpg', 3, 'Lorem ipsum dolor sit amet, consectetuer adipiscing elit. Maecenas porttitor congue massa. Fusce posuere, magna sed pulvinar ultricies, purus lectus malesuada libero, sit amet commodo magna eros quis urna.', '<p>\r\n	Lorem ipsum dolor sit amet, consectetuer adipiscing elit. Maecenas porttitor congue massa. Fusce posuere, magna sed pulvinar ultricies, purus lectus malesuada libero, sit amet commodo magna eros quis urna.</p>\r\n<p>\r\n	Lorem ipsum dolor sit amet, consectetuer adipiscing elit. Maecenas porttitor congue massa. Fusce posuere, magna sed pulvinar ultricies, purus lectus malesuada libero, sit amet commodo magna eros quis urna.</p>\r\n', 'no', 0, 'active', '2012-12-21'),
(22, 'Agudo, red', 85, 'Agudo, red', 'Agudo, red', 'Agudo, red', 'agudo--red', '50d4356ab7ff0.jpg', 3, 'Lorem ipsum dolor sit amet, consectetuer adipiscing elit. Maecenas porttitor congue massa. Fusce posuere, magna sed pulvinar ultricies, purus lectus malesuada libero, sit amet commodo magna eros quis urna.', '<p>\r\n	Lorem ipsum dolor sit amet, consectetuer adipiscing elit. Maecenas porttitor congue massa. Fusce posuere, magna sed pulvinar ultricies, purus lectus malesuada libero, sit amet commodo magna eros quis urna.</p>\r\n<p>\r\n	Lorem ipsum dolor sit amet, consectetuer adipiscing elit. Maecenas porttitor congue massa. Fusce posuere, magna sed pulvinar ultricies, purus lectus malesuada libero, sit amet commodo magna eros quis urna.</p>\r\n', 'no', 0, 'active', '2012-12-21');

-- --------------------------------------------------------

--
-- Table structure for table `productoption`
--

CREATE TABLE IF NOT EXISTS `productoption` (
  `productoptionid` int(11) NOT NULL AUTO_INCREMENT,
  `productid` int(11) NOT NULL,
  `optiontypeid` int(11) NOT NULL,
  `date` date NOT NULL,
  PRIMARY KEY (`productoptionid`)
) ENGINE=MyISAM  DEFAULT CHARSET=utf8 COLLATE=utf8_bin AUTO_INCREMENT=159 ;

--
-- Dumping data for table `productoption`
--

INSERT INTO `productoption` (`productoptionid`, `productid`, `optiontypeid`, `date`) VALUES
(34, 3, 4, '2012-12-17'),
(33, 3, 14, '2012-12-17'),
(32, 3, 13, '2012-12-17'),
(31, 3, 8, '2012-12-17'),
(30, 3, 3, '2012-12-17'),
(44, 22, 2, '2012-12-21'),
(28, 2, 2, '2012-12-17'),
(27, 2, 4, '2012-12-17'),
(45, 22, 6, '2012-12-21'),
(35, 3, 10, '2012-12-17'),
(36, 3, 18, '2012-12-17'),
(37, 3, 21, '2012-12-17'),
(38, 2, 8, '2012-12-18'),
(39, 2, 10, '2012-12-18'),
(40, 2, 11, '2012-12-18'),
(41, 2, 12, '2012-12-18'),
(42, 2, 13, '2012-12-18'),
(43, 2, 15, '2012-12-18'),
(46, 22, 10, '2012-12-21'),
(47, 22, 12, '2012-12-21'),
(48, 22, 14, '2012-12-21'),
(49, 21, 2, '2012-12-21'),
(50, 21, 4, '2012-12-21'),
(51, 21, 6, '2012-12-21'),
(52, 21, 10, '2012-12-21'),
(53, 21, 11, '2012-12-21'),
(54, 21, 12, '2012-12-21'),
(55, 21, 13, '2012-12-21'),
(56, 21, 15, '2012-12-21'),
(57, 20, 2, '2012-12-21'),
(58, 20, 3, '2012-12-21'),
(59, 20, 9, '2012-12-21'),
(60, 20, 10, '2012-12-21'),
(61, 20, 13, '2012-12-21'),
(62, 20, 14, '2012-12-21'),
(63, 19, 3, '2012-12-21'),
(64, 19, 4, '2012-12-21'),
(65, 19, 7, '2012-12-21'),
(66, 19, 10, '2012-12-21'),
(67, 19, 12, '2012-12-21'),
(68, 19, 15, '2012-12-21'),
(69, 18, 5, '2012-12-21'),
(70, 18, 7, '2012-12-21'),
(71, 18, 10, '2012-12-21'),
(72, 18, 13, '2012-12-21'),
(73, 18, 15, '2012-12-21'),
(74, 18, 16, '2012-12-21'),
(75, 17, 3, '2012-12-21'),
(76, 17, 9, '2012-12-21'),
(77, 17, 11, '2012-12-21'),
(78, 17, 12, '2012-12-21'),
(79, 17, 14, '2012-12-21'),
(80, 16, 5, '2012-12-21'),
(81, 16, 9, '2012-12-21'),
(82, 16, 11, '2012-12-21'),
(83, 16, 13, '2012-12-21'),
(84, 16, 15, '2012-12-21'),
(85, 16, 21, '2012-12-21'),
(86, 15, 5, '2012-12-21'),
(87, 15, 9, '2012-12-21'),
(88, 15, 11, '2012-12-21'),
(89, 15, 13, '2012-12-21'),
(90, 15, 15, '2012-12-21'),
(91, 15, 18, '2012-12-21'),
(92, 14, 3, '2012-12-21'),
(93, 14, 5, '2012-12-21'),
(94, 14, 7, '2012-12-21'),
(95, 14, 11, '2012-12-21'),
(96, 14, 13, '2012-12-21'),
(97, 14, 14, '2012-12-21'),
(98, 13, 3, '2012-12-21'),
(99, 13, 4, '2012-12-21'),
(100, 13, 6, '2012-12-21'),
(101, 13, 7, '2012-12-21'),
(102, 13, 10, '2012-12-21'),
(103, 13, 11, '2012-12-21'),
(104, 13, 12, '2012-12-21'),
(105, 13, 13, '2012-12-21'),
(106, 13, 15, '2012-12-21'),
(107, 12, 4, '2012-12-21'),
(108, 12, 6, '2012-12-21'),
(109, 12, 10, '2012-12-21'),
(110, 12, 12, '2012-12-21'),
(111, 12, 14, '2012-12-21'),
(112, 11, 3, '2012-12-21'),
(113, 11, 6, '2012-12-21'),
(114, 11, 10, '2012-12-21'),
(115, 11, 12, '2012-12-21'),
(116, 11, 14, '2012-12-21'),
(117, 10, 4, '2012-12-21'),
(118, 10, 6, '2012-12-21'),
(119, 10, 10, '2012-12-21'),
(120, 10, 12, '2012-12-21'),
(121, 10, 14, '2012-12-21'),
(122, 9, 4, '2012-12-21'),
(123, 9, 9, '2012-12-21'),
(124, 9, 11, '2012-12-21'),
(125, 9, 13, '2012-12-21'),
(126, 9, 15, '2012-12-21'),
(127, 9, 19, '2012-12-21'),
(128, 8, 2, '2012-12-21'),
(129, 8, 6, '2012-12-21'),
(130, 8, 10, '2012-12-21'),
(131, 8, 12, '2012-12-21'),
(132, 8, 14, '2012-12-21'),
(133, 8, 16, '2012-12-21'),
(134, 7, 2, '2012-12-21'),
(135, 7, 5, '2012-12-21'),
(136, 7, 6, '2012-12-21'),
(137, 7, 9, '2012-12-21'),
(138, 7, 10, '2012-12-21'),
(139, 7, 11, '2012-12-21'),
(140, 7, 15, '2012-12-21'),
(141, 6, 2, '2012-12-21'),
(142, 6, 5, '2012-12-21'),
(143, 6, 9, '2012-12-21'),
(144, 6, 11, '2012-12-21'),
(145, 6, 13, '2012-12-21'),
(146, 6, 15, '2012-12-21'),
(147, 5, 4, '2012-12-21'),
(148, 5, 7, '2012-12-21'),
(149, 5, 11, '2012-12-21'),
(150, 5, 13, '2012-12-21'),
(151, 5, 15, '2012-12-21'),
(152, 5, 18, '2012-12-21'),
(153, 5, 21, '2012-12-21'),
(154, 4, 5, '2012-12-21'),
(155, 4, 9, '2012-12-21'),
(156, 4, 11, '2012-12-21'),
(157, 4, 13, '2012-12-21'),
(158, 4, 15, '2012-12-21');

-- --------------------------------------------------------

--
-- Table structure for table `producttype`
--

CREATE TABLE IF NOT EXISTS `producttype` (
  `producttypeid` int(11) NOT NULL AUTO_INCREMENT,
  `producttypename` varchar(255) COLLATE utf8_bin NOT NULL,
  `uniqname` varchar(255) COLLATE utf8_bin NOT NULL,
  `dispalyorder` int(11) NOT NULL,
  `status` enum('active','inactive') COLLATE utf8_bin NOT NULL,
  `date` date NOT NULL,
  PRIMARY KEY (`producttypeid`)
) ENGINE=MyISAM  DEFAULT CHARSET=utf8 COLLATE=utf8_bin AUTO_INCREMENT=5 ;

--
-- Dumping data for table `producttype`
--

INSERT INTO `producttype` (`producttypeid`, `producttypename`, `uniqname`, `dispalyorder`, `status`, `date`) VALUES
(3, 'shirt fabric', 'shirt-fabric', 0, 'active', '2012-12-15'),
(4, 'contrast fabric', 'contrast-fabric', 0, 'active', '2012-12-15');

-- --------------------------------------------------------

--
-- Table structure for table `saveshirtcustomize`
--

CREATE TABLE IF NOT EXISTS `saveshirtcustomize` (
  `saveshirtcustomizeid` int(11) NOT NULL AUTO_INCREMENT,
  `productid` int(11) NOT NULL,
  `userid` varchar(255) COLLATE utf8_bin NOT NULL,
  `customizename` varchar(255) COLLATE utf8_bin NOT NULL,
  `fit` varchar(255) COLLATE utf8_bin NOT NULL,
  `style` varchar(255) COLLATE utf8_bin NOT NULL,
  `collar` varchar(255) COLLATE utf8_bin NOT NULL,
  `cuff` varchar(255) COLLATE utf8_bin NOT NULL,
  `pocket` varchar(255) COLLATE utf8_bin NOT NULL,
  `front` varchar(255) COLLATE utf8_bin NOT NULL,
  `back` varchar(255) COLLATE utf8_bin NOT NULL,
  `createdate` date NOT NULL,
  `ip` varchar(255) COLLATE utf8_bin NOT NULL,
  PRIMARY KEY (`saveshirtcustomizeid`)
) ENGINE=MyISAM DEFAULT CHARSET=utf8 COLLATE=utf8_bin AUTO_INCREMENT=1 ;

--
-- Dumping data for table `saveshirtcustomize`
--


-- --------------------------------------------------------

--
-- Table structure for table `shirtcustomization`
--

CREATE TABLE IF NOT EXISTS `shirtcustomization` (
  `shirtcustomizationid` int(11) NOT NULL AUTO_INCREMENT,
  `productid` int(11) NOT NULL,
  `fit_slimfit` varchar(255) COLLATE utf8_bin NOT NULL,
  `fit_normalfit` varchar(255) COLLATE utf8_bin NOT NULL,
  `fit_loosefit` varchar(255) COLLATE utf8_bin NOT NULL,
  `style_full_fit_slimfit_sleeve` varchar(255) COLLATE utf8_bin NOT NULL,
  `style_half_fit_slimfit_sleeve` varchar(255) COLLATE utf8_bin NOT NULL,
  `style_full_fit_normalfit_sleeve` varchar(255) COLLATE utf8_bin NOT NULL,
  `style_half_fit_normalfit_sleeve` varchar(255) COLLATE utf8_bin NOT NULL,
  `style_full_fit_loosefit_sleeve` varchar(255) COLLATE utf8_bin NOT NULL,
  `style_half_fit_loosefit_sleeve` varchar(255) COLLATE utf8_bin NOT NULL,
  `collar_straight` varchar(255) COLLATE utf8_bin NOT NULL,
  `collar_classic` varchar(255) COLLATE utf8_bin NOT NULL,
  `collar_spread` varchar(255) COLLATE utf8_bin NOT NULL,
  `collar_cutaway` varchar(255) COLLATE utf8_bin NOT NULL,
  `collar_fullcutaway` varchar(255) COLLATE utf8_bin NOT NULL,
  `collar_englishcutaway` varchar(255) COLLATE utf8_bin NOT NULL,
  `collar_curvedcutaway` varchar(255) COLLATE utf8_bin NOT NULL,
  `collar_cutawaybutton` varchar(255) COLLATE utf8_bin NOT NULL,
  `collar_bandedcollar` varchar(255) COLLATE utf8_bin NOT NULL,
  `collar_wingup` varchar(255) COLLATE utf8_bin NOT NULL,
  `collar_buttondown` varchar(255) COLLATE utf8_bin NOT NULL,
  `collar_rounded` varchar(255) COLLATE utf8_bin NOT NULL,
  `cuff_singlebuttonmiter` varchar(255) COLLATE utf8_bin NOT NULL,
  `cuff_doublebuttonmiter` varchar(255) COLLATE utf8_bin NOT NULL,
  `cuff_frenchbuttonmiter` varchar(255) COLLATE utf8_bin NOT NULL,
  `cuff_singlebuttonround` varchar(255) COLLATE utf8_bin NOT NULL,
  `cuff_doublebuttonround` varchar(255) COLLATE utf8_bin NOT NULL,
  `cuff_frenchbuttonround` varchar(255) COLLATE utf8_bin NOT NULL,
  `cuff_singlebuttonsquare` varchar(255) COLLATE utf8_bin NOT NULL,
  `cuff_doublebuttonsquare` varchar(255) COLLATE utf8_bin NOT NULL,
  `cuff_frenchbuttonsquare` varchar(255) COLLATE utf8_bin NOT NULL,
  `pocket_miter` varchar(255) COLLATE utf8_bin NOT NULL,
  `pocket_round` varchar(255) COLLATE utf8_bin NOT NULL,
  `pocket_square` varchar(255) COLLATE utf8_bin NOT NULL,
  `pocket_vshape` varchar(255) COLLATE utf8_bin NOT NULL,
  `pocket_nopocket` varchar(255) COLLATE utf8_bin NOT NULL,
  `front_placket` varchar(255) COLLATE utf8_bin NOT NULL,
  `front_covered` varchar(255) COLLATE utf8_bin NOT NULL,
  `front_noplacket` varchar(255) COLLATE utf8_bin NOT NULL,
  `back_sidepleats` varchar(255) COLLATE utf8_bin NOT NULL,
  `back_boxpleats` varchar(255) COLLATE utf8_bin NOT NULL,
  `back_nopleats` varchar(255) COLLATE utf8_bin NOT NULL,
  `adate` date NOT NULL,
  PRIMARY KEY (`shirtcustomizationid`)
) ENGINE=MyISAM  DEFAULT CHARSET=utf8 COLLATE=utf8_bin AUTO_INCREMENT=31 ;

--
-- Dumping data for table `shirtcustomization`
--

INSERT INTO `shirtcustomization` (`shirtcustomizationid`, `productid`, `fit_slimfit`, `fit_normalfit`, `fit_loosefit`, `style_full_fit_slimfit_sleeve`, `style_half_fit_slimfit_sleeve`, `style_full_fit_normalfit_sleeve`, `style_half_fit_normalfit_sleeve`, `style_full_fit_loosefit_sleeve`, `style_half_fit_loosefit_sleeve`, `collar_straight`, `collar_classic`, `collar_spread`, `collar_cutaway`, `collar_fullcutaway`, `collar_englishcutaway`, `collar_curvedcutaway`, `collar_cutawaybutton`, `collar_bandedcollar`, `collar_wingup`, `collar_buttondown`, `collar_rounded`, `cuff_singlebuttonmiter`, `cuff_doublebuttonmiter`, `cuff_frenchbuttonmiter`, `cuff_singlebuttonround`, `cuff_doublebuttonround`, `cuff_frenchbuttonround`, `cuff_singlebuttonsquare`, `cuff_doublebuttonsquare`, `cuff_frenchbuttonsquare`, `pocket_miter`, `pocket_round`, `pocket_square`, `pocket_vshape`, `pocket_nopocket`, `front_placket`, `front_covered`, `front_noplacket`, `back_sidepleats`, `back_boxpleats`, `back_nopleats`, `adate`) VALUES
(17, 2, '50e26fc991e71.png', '50e2de4267e02.png', '50e26fc994b00.png', '50e3d436f3d57.png', '50e3d43700036.png', '50e3d4370045b.png', '50e3d43700845.png', '50e3d43700c30.png', '50e3d43700fc2.png', '50e2fda088229.png', '50e2fda0886bf.png', '50e2fda088bd6.png', '50e2fda088f51.png', '50e2fda0892c1.png', '50e2fda08966b.png', '50e2fda0899d7.png', '50e2fda089d3b.png', '50e2fda08a09d.png', '50e2fda08a401.png', '50e2fda08a76d.png', '50e2fda08ac64.png', '50e26fc99820e.png', '50e26fc998466.png', '50e26fc9986bd.png', '50e2fdfb3063c.png', '50e2fdfb30b7b.png', '50e2fdfb30f76.png', '50e2fdfb312e3.png', '50e2fdfb3189b.png', '50e2fdfb31c0a.png', '50e2fdfb31f96.png', '50e2fdfb32310.png', '50e2fdfb32675.png', '50e2fdfb329e4.png', '50e26fc9992d9.png', '50e2fdfb32d5e.png', '50e2fdfb330c7.png', '50e2fdfb3342e.png', '', '', '', '2013-01-01'),
(23, 3, '50e2fedbe5c95.png', '50e2fedbe6178.png', '50e2fedbe64e6.png', '50e3d49e0dda0.png', '50e3d49e0e26b.png', '50e3d49e0e69c.png', '50e3d49e0eada.png', '50e3d49e0eef6.png', '50e3d49e0f325.png', '50e2fedbe8a84.png', '50e2fedbe8d48.png', '50e2fedbe9000.png', '50e2fedbe93f8.png', '50e2fedbe96bb.png', '50e2fedbe9975.png', '50e2fedbe9c3b.png', '50e2fedbe9efb.png', '50e2fedbea1b4.png', '50e2fedbea483.png', '50e2fedbea73d.png', '50e2fedbeaa39.png', '50e2fedbead0c.png', '50e2fedbeafcb.png', '50e2fedbeb285.png', '50e2fedbeb549.png', '50e2fedbeb804.png', '50e2fedbebac2.png', '50e2fedbebd8f.png', '50e2fedbec17f.png', '50e2fedbec45f.png', '50e2fedbec71f.png', '50e2fedbecae6.png', '50e2fedbecda2.png', '50e2fedbed05d.png', '', '50e2fedbed321.png', '50e2fedbed5db.png', '50e2fedbed8a6.png', '', '', '', '2013-01-01'),
(25, 4, '50e3d9aea820e.png', '50e3d9aea86ae.png', '50e3d9aea89dd.png', '50e3d9aea8da2.png', '50e3d9aea900d.png', '50e3d9aea926e.png', '50e3d9aea94e7.png', '50e3d9aea974b.png', '50e3d9aea99b0.png', '50e3d9aea9c0f.png', '50e3d9aea9e72.png', '50e3d9aeaa0d1.png', '50e3d9aeaa33a.png', '50e3d9aeaa5a0.png', '50e3d9aeaa892.png', '50e3d9aeaab9c.png', '50e3d9aeaae87.png', '50e3d9aeab178.png', '50e3d9aeab5b4.png', '50e3d9aeab822.png', '50e3d9aeaba8d.png', '50e3d9aeabcf8.png', '50e3d9aeabf63.png', '50e3d9aeac1db.png', '50e3d9aeac43d.png', '50e3d9aeac69f.png', '50e3d9aeac905.png', '50e3d9aeacb68.png', '50e3d9aeacdca.png', '50e3d9aead0f0.png', '50e3dbbae49c6.png', '50e3dbbae4d7f.png', '50e3dbbae4fe3.png', '50e3dbbae52a7.png', '', '50e3d9aeadfff.png', '50e3d9aeae266.png', '50e3d9aeae4ca.png', '', '', '', '2013-01-02'),
(26, 6, '50e3daf2830f7.png', '50e3daf28367f.png', '50e3daf2839e0.png', '50e3daf283f3c.png', '50e3daf2842b9.png', '50e3daf2846ef.png', '50e3daf284a52.png', '50e3daf284db1.png', '50e3daf285113.png', '50e3daf28548f.png', '50e3daf2857fb.png', '50e3daf285b58.png', '50e3daf285edf.png', '50e3daf28623a.png', '50e3daf286599.png', '50e3daf286902.png', '50e3daf286d04.png', '50e3daf287074.png', '50e3daf28751f.png', '50e3daf287896.png', '50e3daf287bf6.png', '50e3daf288001.png', '50e3daf288443.png', '50e3daf2887c4.png', '50e3daf288b2d.png', '50e3daf288e8d.png', '50e3daf28920f.png', '50e3daf28958b.png', '50e3daf289911.png', '50e3daf289c72.png', '50e3db8058877.png', '50e3db8058c03.png', '50e3db8058ece.png', '50e3db8059198.png', '', '50e3daf28b321.png', '50e3daf28b682.png', '50e3daf28ba41.png', '', '', '', '2013-01-02'),
(27, 5, '50e68bb455974.png', '50e68bb456097.png', '50e68bb459994.png', '50e68bb45a194.png', '50e68bb45a7ed.png', '50e68bb45adbc.png', '50e68bb45b411.png', '50e68bb45ba5d.png', '50e68bb45c024.png', '50e68bb45c5f6.png', '50e68bb45cbb2.png', '50e68bb45d173.png', '50e68bb45d75f.png', '50e68bb45dd2b.png', '50e68bb45e2ef.png', '50e68bb45e920.png', '50e68bb45ef34.png', '50e68bb45f513.png', '50e68bb45fe60.png', '50e68bb4604d4.png', '50e68bb460aa5.png', '50e68bb461089.png', '50e68bb461492.png', '50e68bb461883.png', '50e68bb461c75.png', '50e68bb462067.png', '50e68bb4624ac.png', '50e68bb462928.png', '50e68bb462dad.png', '50e68bb4631ee.png', '50e68bb4635f4.png', '50e68bb463a17.png', '50e68bb463e8a.png', '50e68bb4644b5.png', '', '50e68bb4648dd.png', '50e68bb464ce3.png', '50e68bb465112.png', '', '', '', '2013-01-04');

-- --------------------------------------------------------

--
-- Table structure for table `slidergallery`
--

CREATE TABLE IF NOT EXISTS `slidergallery` (
  `id` int(11) NOT NULL AUTO_INCREMENT,
  `title` varchar(200) NOT NULL,
  `image` varchar(250) NOT NULL,
  `url` varchar(255) NOT NULL,
  `displayorder` int(11) NOT NULL,
  `status` enum('active','inactive') NOT NULL,
  PRIMARY KEY (`id`)
) ENGINE=InnoDB  DEFAULT CHARSET=latin1 AUTO_INCREMENT=3 ;

--
-- Dumping data for table `slidergallery`
--

INSERT INTO `slidergallery` (`id`, `title`, `image`, `url`, `displayorder`, `status`) VALUES
(1, 'Zymba Slider', '50c86ce107f1a.jpg', '', 1, 'active'),
(2, 'Zymba ', '50c86d06958ee.jpg', '', 2, 'active');

-- --------------------------------------------------------

--
-- Table structure for table `user`
--

CREATE TABLE IF NOT EXISTS `user` (
  `userid` int(11) NOT NULL AUTO_INCREMENT,
  `password` varchar(150) NOT NULL,
  `email` varchar(250) NOT NULL,
  `phone` varchar(150) NOT NULL,
  `firstname` varchar(250) NOT NULL,
  `lastname` varchar(250) NOT NULL,
  `birthday` varchar(100) NOT NULL,
  `gender` varchar(100) NOT NULL,
  `postcode` varchar(100) NOT NULL,
  `address` varchar(255) NOT NULL,
  `state` varchar(100) NOT NULL,
  `country` varchar(100) NOT NULL,
  `registrationdate` date NOT NULL,
  `status` enum('active','inactive','block') NOT NULL,
  PRIMARY KEY (`userid`)
) ENGINE=MyISAM  DEFAULT CHARSET=latin1 AUTO_INCREMENT=6 ;

--
-- Dumping data for table `user`
--

INSERT INTO `user` (`userid`, `password`, `email`, `phone`, `firstname`, `lastname`, `birthday`, `gender`, `postcode`, `address`, `state`, `country`, `registrationdate`, `status`) VALUES
(1, '12345678', 'test@test.com', '123456', 'krupal', 'manani', '2003-11-10', 'male', '380000', 'ahmedabad', 'gujarat', 'india', '2012-12-12', 'active'),
(5, '12345678', 'test@testnew.com', '9898989898', 'test', 'testname1', '2012-11-08', 'male', '380000', 'ahbad', 'CA', 'india', '2013-01-05', 'active');
